{
  "name": "bootstrap-filestyle",
  "version": "1.1.2",
  "homepage": "https://github.com/markusslima/bootstrap-filestyle",
  "authors": [
    "Markus Lima @markusslima"
  ],
  "description": "Bootstrap FileStyle is a quick and simple plugin to help style your form's file upload inputs.",
  "main": "src/bootstrap-filestyle.js",
  "keywords": [
    "bootstrap",
    "fileupload",
    "filestyle"
  ],
  "license": "MIT",
  "ignore": [
    "**/.*",
    "node_modules",
    "bower_components",
    "test",
    "tests"
  ],
  "_release": "1.1.2",
  "_resolution": {
    "type": "version",
    "tag": "v1.1.2",
    "commit": "b9a3e62abf829bad4911cc5142572f0a01af0e25"
  },
  "_source": "git://github.com/markusslima/bootstrap-filestyle.git",
  "_target": "~1.1.2",
  "_originalSource": "bootstrap-filestyle"
}