{
  "name": "bower-jvectormap",
  "version": "1.2.2",
  "authors": [
    "Kirill Lebedev <echo.bjornd@gmail.com>"
  ],
  "description": "jQuery interactive vector maps",
  "main": "jquery-jvectormap-1.2.2.min.js",
  "keywords": [
    "jquery",
    "vector",
    "maps"
  ],
  "license": "MIT",
  "homepage": "http://jvectormap.com/",
  "_release": "1.2.2",
  "_resolution": {
    "type": "version",
    "tag": "1.2.2",
    "commit": "ad11c82d7dd0c2afa7a02e255f66e51fd2c999af"
  },
  "_source": "git://github.com/tlvince/bower-jvectormap.git",
  "_target": "~1.2.2",
  "_originalSource": "bower-jvectormap"
}