{
  "name": "screenfull",
  "description": "Simple wrapper for cross-browser usage of the JavaScript Fullscreen API, which lets you bring the page or any element into fullscreen.",
  "license": "MIT",
  "main": "dist/screenfull.js",
  "authors": [
    {
      "name": "Sindre Sorhus",
      "email": "sindresorhus@gmail.com",
      "url": "http://sindresorhus.com"
    }
  ],
  "keywords": [
    "fullscreen"
  ],
  "ignore": [
    "**/.*",
    "package.json",
    "src"
  ],
  "homepage": "https://github.com/sindresorhus/screenfull.js",
  "version": "1.2.1",
  "_release": "1.2.1",
  "_resolution": {
    "type": "version",
    "tag": "v1.2.1",
    "commit": "33beaaf4bcd81fd389a7584987171d7d6ac0e0bf"
  },
  "_source": "git://github.com/sindresorhus/screenfull.js.git",
  "_target": "~1.2.1",
  "_originalSource": "screenfull"
}